time,ax,ay,az
0.013,-0.16,-0.14,0.06
0.015,-0.16,-0.14,0.06
0.043,-0.39,-0.18,-0.11
0.075,-0.39,-0.18,-0.11
0.078,-0.39,-0.18,-0.11
0.079,-0.39,-0.18,-0.11
0.095,0.05,-0.07,0.02
0.132,0.05,-0.07,0.02
0.137,0.05,-0.07,0.02
0.158,-0.01,-0.05,0.06
0.192,-0.01,-0.05,0.06
0.195,-0.01,-0.05,0.06
0.215,0,-0.13,-0.01
0.265,0,-0.13,-0.01
0.27,0,-0.13,-0.01
0.272,0,-0.13,-0.01
0.275,-0.15,-0.16,0.13
0.317,-0.15,-0.16,0.13
0.319,-0.15,-0.16,0.13
0.348,-0.11,-0.11,-0.07
0.373,-0.11,-0.11,-0.07
0.375,-0.11,-0.11,-0.07
0.397,0.01,-0.14,0.15
0.439,0.01,-0.14,0.15
0.449,0.01,-0.14,0.15
0.451,0.01,-0.14,0.15
0.456,-0.12,-0.3,0.15
0.497,-0.12,-0.3,0.15
0.5,-0.12,-0.3,0.15
0.516,-0.01,-0.13,-0.11
0.552,-0.01,-0.13,-0.11
0.556,-0.01,-0.13,-0.11
0.583,0.45,0.01,-0.04
0.619,0.45,0.01,-0.04
0.624,0.45,0.01,-0.04
0.626,0.45,0.01,-0.04
0.658,0.49,0.2,-0.8
0.673,0.49,0.2,-0.8
0.676,0.49,0.2,-0.8
0.695,-0.02,-0.23,-0.03
0.741,-0.02,-0.23,-0.03
0.759,-0.02,-0.23,-0.03
0.762,2.69,0.32,-0.66
0.793,2.69,0.32,-0.66
0.797,2.69,0.32,-0.66
0.799,2.69,0.32,-0.66
0.818,0.99,-0.01,-0.38
0.854,0.99,-0.01,-0.38
0.857,0.99,-0.01,-0.38
0.876,1.28,-0.12,0.19
0.925,1.28,-0.12,0.19
0.929,1.28,-0.12,0.19
0.935,2.1,0.67,-0.22
0.973,2.1,0.67,-0.22
0.976,2.1,0.67,-0.22
0.978,2.1,0.67,-0.22
0.995,2.15,0.26,-0.08
1.038,2.15,0.26,-0.08
1.04,2.15,0.26,-0.08
1.064,0.6,-0.19,-0.41
1.094,0.6,-0.19,-0.41
1.097,0.6,-0.19,-0.41
1.116,0.39,0.32,0.21
1.154,0.39,0.32,0.21
1.158,0.39,0.32,0.21
1.16,0.39,0.32,0.21
1.211,-0.58,0.13,0.24
1.216,-0.58,0.13,0.24
1.222,-0.58,0.13,0.24
1.238,-0.54,0.09,0.68
1.274,-0.54,0.09,0.68
1.294,-0.54,0.09,0.68
1.344,-2.06,-0.63,0.97
1.348,-2.06,-0.63,0.97
1.351,-2.06,-0.63,0.97
1.353,-2.06,-0.63,0.97
1.36,-1.11,0.35,0.49
1.394,-1.11,0.35,0.49
1.404,-1.11,0.35,0.49
1.419,-1.28,0.68,-0.08
1.454,-1.28,0.68,-0.08
1.456,-1.28,0.68,-0.08
1.476,-1.78,-0.07,-0.84
1.514,-1.78,-0.07,-0.84
1.516,-1.78,-0.07,-0.84
1.518,-1.78,-0.07,-0.84
1.543,-0.26,-1.25,2.54
1.598,-0.26,-1.25,2.54
1.602,-0.26,-1.25,2.54
1.606,-8.28,-5.69,9.74
1.642,-8.28,-5.69,9.74
1.644,-8.28,-5.69,9.74
1.673,-8.5,-2.09,0.72
1.694,-8.5,-2.09,0.72
1.698,-8.5,-2.09,0.72
1.7,-8.5,-2.09,0.72
1.717,-3.44,-0.88,-1.8
1.754,-3.44,-0.88,-1.8
1.761,-3.44,-0.88,-1.8
1.782,0.94,2.01,1.08
1.814,0.94,2.01,1.08
1.817,0.94,2.01,1.08
1.844,1.06,0.35,-1.45
1.875,1.06,0.35,-1.45
1.878,1.06,0.35,-1.45
1.879,1.06,0.35,-1.45
1.896,0.52,0.09,0.94
1.943,0.52,0.09,0.94
1.945,0.52,0.09,0.94
1.975,-0.05,-0.55,0.66
1.995,-0.05,-0.55,0.66
1.998,-0.05,-0.55,0.66
2.018,1.12,-1.18,-2.15
2.083,1.12,-1.18,-2.15
2.087,1.12,-1.18,-2.15
2.091,1.12,-1.18,-2.15
2.097,8.06,13.04,-1.09
2.114,8.06,13.04,-1.09
2.117,8.06,13.04,-1.09
2.148,2.56,-0.39,3.44
2.197,2.56,-0.39,3.44
2.2,2.56,-0.39,3.44
2.202,-1.96,-4.57,-4.17
2.257,-1.96,-4.57,-4.17
2.271,-1.96,-4.57,-4.17
2.275,-1.96,-4.57,-4.17
2.277,4.94,-3.86,3.98
2.295,4.94,-3.86,3.98
2.298,4.94,-3.86,3.98
2.317,1.36,-2.61,1.68
2.362,1.36,-2.61,1.68
2.365,1.36,-2.61,1.68
2.389,-1.85,-0.93,-0.48
2.414,-1.85,-0.93,-0.48
2.416,-1.85,-0.93,-0.48
2.418,-1.85,-0.93,-0.48
2.445,-3.5,3,-1.38
2.476,-3.5,3,-1.38
2.482,-3.5,3,-1.38
2.497,-2.68,2.79,-3.37
2.544,-2.68,2.79,-3.37
2.546,-2.68,2.79,-3.37
2.557,-3.96,-2.1,1.71
2.595,-3.96,-2.1,1.71
2.598,-3.96,-2.1,1.71
2.599,-3.96,-2.1,1.71
2.617,3,-9.91,9.77
2.671,3,-9.91,9.77
2.683,3,-9.91,9.77
2.69,-6.47,0.28,-4.34
2.715,-6.47,0.28,-4.34
2.718,-6.47,0.28,-4.34
2.748,1.17,0.15,-3.79
2.778,1.17,0.15,-3.79
2.781,1.17,0.15,-3.79
2.784,1.17,0.15,-3.79
2.801,4.09,1.29,-0.52
2.848,4.09,1.29,-0.52
2.851,4.09,1.29,-0.52
2.857,1.52,0.27,-0.24
2.897,1.52,0.27,-0.24
2.902,1.52,0.27,-0.24
2.92,0.74,-0.14,0.34
2.956,0.74,-0.14,0.34
2.968,0.74,-0.14,0.34
2.971,0.74,-0.14,0.34
2.996,1.33,0.99,-0.24
3.016,1.33,0.99,-0.24
3.018,1.33,0.99,-0.24
3.038,0.74,2.48,0.01
3.076,0.74,2.48,0.01
3.078,0.74,2.48,0.01
3.136,1.41,5.37,0.82
3.14,1.41,5.37,0.82
3.143,1.41,5.37,0.82
3.148,1.41,5.37,0.82
3.16,-3.13,-1.49,-0.41
3.196,-3.13,-1.49,-0.41
3.204,-3.13,-1.49,-0.41
3.218,3.24,-5.07,0.8
3.265,3.24,-5.07,0.8
3.269,3.24,-5.07,0.8
3.277,-1.29,-4.11,-1.84
3.315,-1.29,-4.11,-1.84
3.318,-1.29,-4.11,-1.84
3.32,-1.29,-4.11,-1.84
3.337,1.2,-4.61,1.87
3.376,1.2,-4.61,1.87
3.391,1.2,-4.61,1.87
3.408,-4.54,3.39,-0.7
3.45,-4.54,3.39,-0.7
3.452,-4.54,3.39,-0.7
3.458,-0.73,6.18,1.79
3.497,-0.73,6.18,1.79
3.499,-0.73,6.18,1.79
3.501,-0.73,6.18,1.79
3.518,-7.33,-0.05,2.93
3.568,-7.33,-0.05,2.93
3.571,-7.33,-0.05,2.93
3.579,6.21,-0.45,9.46
3.616,6.21,-0.45,9.46
3.619,6.21,-0.45,9.46
3.641,-4.55,2.74,-2.4
3.676,-4.55,2.74,-2.4
3.679,-4.55,2.74,-2.4
3.681,-4.55,2.74,-2.4
3.718,0.7,0.34,-2.6
3.736,0.7,0.34,-2.6
3.738,0.7,0.34,-2.6
3.768,3.07,1.15,-0.69
3.813,3.07,1.15,-0.69
3.822,3.07,1.15,-0.69
3.824,0.96,0.35,-1.86
3.874,0.96,0.35,-1.86
3.879,0.96,0.35,-1.86
3.882,0.96,0.35,-1.86
3.885,0.7,0.61,0.81
3.916,0.7,0.61,0.81
3.919,0.7,0.61,0.81
3.939,1.2,1.62,-0.17
3.979,1.2,1.62,-0.17
3.985,1.2,1.62,-0.17
4.001,3.07,3.36,-1.77
4.058,3.07,3.36,-1.77
4.066,3.07,3.36,-1.77
4.068,3.07,3.36,-1.77
4.07,10.45,12.37,-2.97
4.097,10.45,12.37,-2.97
4.1,10.45,12.37,-2.97
4.118,7.46,6.06,6.1
4.17,7.46,6.06,6.1
4.179,7.46,6.06,6.1
4.181,-6.25,-6.06,-3.81
4.22,-6.25,-6.06,-3.81
4.226,-6.25,-6.06,-3.81
4.228,-6.25,-6.06,-3.81
4.238,3.37,-6.78,1.77
4.295,3.37,-6.78,1.77
4.298,3.37,-6.78,1.77
4.305,1.54,-6.81,2.48
4.337,1.54,-6.81,2.48
4.34,1.54,-6.81,2.48
4.359,-2.05,1.1,1.38
4.399,-2.05,1.1,1.38
4.402,-2.05,1.1,1.38
4.405,-2.05,1.1,1.38
4.419,-8.76,12.35,-3.31
4.457,-8.76,12.35,-3.31
4.465,-8.76,12.35,-3.31
4.489,-7.23,2.49,2.94
4.517,-7.23,2.49,2.94
4.519,-7.23,2.49,2.94
4.542,26.21,27.07,8.28
4.584,26.21,27.07,8.28
4.59,26.21,27.07,8.28
4.592,26.21,27.07,8.28
4.639,-3.38,-1.18,6.16
4.642,-3.38,-1.18,6.16
4.644,-3.38,-1.18,6.16
4.659,-6.74,-0.47,-0.66
4.7,-6.74,-0.47,-0.66
4.703,-6.74,-0.47,-0.66
4.728,2.45,0.86,-0.16
4.78,2.45,0.86,-0.16
4.787,2.45,0.86,-0.16
4.789,2.45,0.86,-0.16
4.79,1.99,0.86,-1.83
4.82,1.99,0.86,-1.83
4.823,1.99,0.86,-1.83
4.841,2.04,1.15,1
4.902,2.04,1.15,1
4.905,2.04,1.15,1
4.907,2.08,1.25,1.59
4.94,2.08,1.25,1.59
4.942,2.08,1.25,1.59
4.944,2.08,1.25,1.59
4.967,4.21,3.89,-1.25
5.048,4.21,3.89,-1.25
5.05,4.21,3.89,-1.25
5.051,0.86,5.66,-5.29
5.061,0.86,5.66,-5.29
5.064,0.86,5.66,-5.29
5.098,-5.3,-3.01,-0.54
5.127,-5.3,-3.01,-0.54
5.129,-5.3,-3.01,-0.54
5.13,-5.3,-3.01,-0.54
5.14,-0.03,-6.42,2.08
5.189,-0.03,-6.42,2.08
5.191,-0.03,-6.42,2.08
5.201,2.65,-6.34,1.62
5.242,2.65,-6.34,1.62
5.244,2.65,-6.34,1.62
5.267,-1.76,-3.04,-0.36
5.306,-1.76,-3.04,-0.36
5.309,-1.76,-3.04,-0.36
5.311,-1.76,-3.04,-0.36
5.321,-3.54,6.27,-5.21
5.364,-3.54,6.27,-5.21
5.37,-3.54,6.27,-5.21
5.402,-9.11,3.38,-2.73
5.418,-9.11,3.38,-2.73
5.42,-9.11,3.38,-2.73
5.47,-6.83,-2.79,-5.52
5.476,-6.83,-2.79,-5.52
5.478,-6.83,-2.79,-5.52
5.48,-6.83,-2.79,-5.52
5.507,-22.64,-17.78,3.72
5.538,-22.64,-17.78,3.72
5.542,-22.64,-17.78,3.72
5.57,3.46,-1.48,0.35
5.632,3.46,-1.48,0.35
5.64,3.46,-1.48,0.35
5.642,-1.69,-0.24,-2.59
5.689,-1.69,-0.24,-2.59
5.703,-1.69,-0.24,-2.59
5.706,-1.69,-0.24,-2.59
5.708,0.59,0.82,0.08
5.726,0.59,0.82,0.08
5.733,0.59,0.82,0.08
5.743,0.17,-0.61,-1.36
5.777,0.17,-0.61,-1.36
5.78,0.17,-0.61,-1.36
5.819,1.17,0.2,-0.12
5.838,1.17,0.2,-0.12
5.841,1.17,0.2,-0.12
5.843,1.17,0.2,-0.12
5.865,1.89,2.38,-0.81
5.936,1.89,2.38,-0.81
5.944,1.89,2.38,-0.81
5.946,5.1,4.88,-0.83
5.976,5.1,4.88,-0.83
5.978,5.1,4.88,-0.83
5.981,6.63,7.32,-3.41
6.019,6.63,7.32,-3.41
6.022,6.63,7.32,-3.41
6.025,6.63,7.32,-3.41
6.041,1.66,0.94,3.91
6.082,1.66,0.94,3.91
6.085,1.66,0.94,3.91
6.101,0.09,-6.6,-0.29
6.139,0.09,-6.6,-0.29
6.145,0.09,-6.6,-0.29
6.164,0.6,-5.87,-0.39
6.198,0.6,-5.87,-0.39
6.201,0.6,-5.87,-0.39
6.204,0.6,-5.87,-0.39
6.278,0.93,-4.74,1.93
6.281,0.93,-4.74,1.93
6.284,0.93,-4.74,1.93
6.286,1.98,2.17,4.45
6.329,1.98,2.17,4.45
6.332,1.98,2.17,4.45
6.344,-3.37,8.28,-3.26
6.404,-3.37,8.28,-3.26
6.416,-3.37,8.28,-3.26
6.417,-3.37,8.28,-3.26
6.419,-4.23,2.14,-3.95
6.443,-4.23,2.14,-3.95
6.447,-4.23,2.14,-3.95
6.46,4.6,-3,7.11
6.502,4.6,-3,7.11
6.507,4.6,-3,7.11
6.538,-19.13,-3.07,-8.59
6.562,-19.13,-3.07,-8.59
6.564,-19.13,-3.07,-8.59
6.566,-19.13,-3.07,-8.59
6.604,4.1,1.55,2.9
6.635,4.1,1.55,2.9
6.638,4.1,1.55,2.9
6.643,-3.87,0.37,-0.91
6.68,-3.87,0.37,-0.91
6.682,-3.87,0.37,-0.91
6.732,-0.34,-0.43,-0.92
6.74,-0.34,-0.43,-0.92
6.741,-0.34,-0.43,-0.92
6.744,-0.34,-0.43,-0.92
6.761,1.46,-0.06,-1.14
6.799,1.46,-0.06,-1.14
6.802,1.46,-0.06,-1.14
6.87,0.57,0.2,0.41
6.877,0.57,0.2,0.41
6.883,0.57,0.2,0.41
6.888,0.36,0.09,0.1
6.929,0.36,0.09,0.1
6.932,0.36,0.09,0.1
6.934,0.36,0.09,0.1
6.945,1.35,1.16,-0.25
6.994,1.35,1.16,-0.25
6.997,1.35,1.16,-0.25
7.001,0.66,2.13,-1.02
7.05,0.66,2.13,-1.02
7.053,0.66,2.13,-1.02
7.063,2.06,2.67,1.32
7.118,2.06,2.67,1.32
7.122,2.06,2.67,1.32
7.134,2.06,2.67,1.32
7.14,3.41,4.39,-0.69
7.172,3.41,4.39,-0.69
7.178,3.41,4.39,-0.69
7.181,7.93,9.43,4.11
7.223,7.93,9.43,4.11
7.228,7.93,9.43,4.11
7.274,-9.87,-5.55,-4.26
7.279,-9.87,-5.55,-4.26
7.285,-9.87,-5.55,-4.26
7.287,-9.87,-5.55,-4.26
7.317,4.72,-6.81,2.04
7.352,4.72,-6.81,2.04
7.355,4.72,-6.81,2.04
7.365,-2.39,-8.73,1.07
7.402,-2.39,-8.73,1.07
7.415,-2.39,-8.73,1.07
7.446,-1.33,-5.2,1.61
7.46,-1.33,-5.2,1.61
7.462,-1.33,-5.2,1.61
7.464,-1.33,-5.2,1.61
7.509,-3.37,7.02,0.18
7.58,-3.37,7.02,0.18
7.585,-3.37,7.02,0.18
7.586,-8.73,4.43,-4.67
7.588,-8.73,4.43,-4.67
7.59,-8.73,4.43,-4.67
7.602,-5.26,4.05,-6.97
7.644,-5.26,4.05,-6.97
7.651,-5.26,4.05,-6.97
7.653,-5.26,4.05,-6.97
7.668,-11.58,-5.43,-11.24
7.713,-11.58,-5.43,-11.24
7.726,-11.58,-5.43,-11.24
7.728,4.33,0.4,1.59
7.784,4.33,0.4,1.59
7.789,4.33,0.4,1.59
7.791,-4.39,-0.76,-3.58
7.833,-4.39,-0.76,-3.58
7.844,-4.39,-0.76,-3.58
7.846,-4.39,-0.76,-3.58
7.855,3.22,1.2,1.13
7.903,3.22,1.2,1.13
7.906,3.22,1.2,1.13
7.909,1.13,0.12,-0.8
7.953,1.13,0.12,-0.8
7.955,1.13,0.12,-0.8
7.965,-0.12,-0.08,-0.26
8,-0.12,-0.08,-0.26
8.005,-0.12,-0.08,-0.26
8.007,-0.12,-0.08,-0.26
8.025,1.2,1.05,-0.3
8.061,1.2,1.05,-0.3
8.064,1.2,1.05,-0.3
8.134,4.96,2.96,-2.31
8.137,4.96,2.96,-2.31
8.139,4.96,2.96,-2.31
8.143,4.29,10.18,1.74
8.182,4.29,10.18,1.74
8.185,4.29,10.18,1.74
8.187,4.29,10.18,1.74
8.237,4.59,4.77,0.09
8.242,4.59,4.77,0.09
8.244,4.59,4.77,0.09
8.272,-4.71,-8.02,-3.35
8.318,-4.71,-8.02,-3.35
8.321,-4.71,-8.02,-3.35
8.323,5.03,-6.5,1.81
8.359,5.03,-6.5,1.81
8.361,5.03,-6.5,1.81
8.365,5.03,-6.5,1.81
8.398,-2.15,-6.72,0.76
8.419,-2.15,-6.72,0.76
8.421,-2.15,-6.72,0.76
8.46,-0.36,-2.54,2.2
8.492,-0.36,-2.54,2.2
8.494,-0.36,-2.54,2.2
8.507,-7.26,6.17,0.75
8.541,-7.26,6.17,0.75
8.543,-7.26,6.17,0.75
8.544,-7.26,6.17,0.75
8.57,-25.03,15.07,18.27
8.6,-25.03,15.07,18.27
8.604,-25.03,15.07,18.27
8.625,-15.76,-1.52,-0.06
8.659,-15.76,-1.52,-0.06
8.661,-15.76,-1.52,-0.06
8.685,1.66,-0.03,-1.38
8.731,1.66,-0.03,-1.38
8.733,1.66,-0.03,-1.38
8.734,1.66,-0.03,-1.38
8.8,1.21,0.11,1.27
8.801,1.21,0.11,1.27
8.803,1.21,0.11,1.27
8.805,0.77,0.27,-1.26
8.84,0.77,0.27,-1.26
8.841,0.77,0.27,-1.26
8.892,1.84,0.15,0.71
8.9,1.84,0.15,0.71
8.902,1.84,0.15,0.71
8.904,1.84,0.15,0.71
8.937,0.53,0.48,0.55
8.995,0.53,0.48,0.55
8.998,0.53,0.48,0.55
9.002,0.57,1.58,-0.74
9.053,0.57,1.58,-0.74
9.056,0.57,1.58,-0.74
9.058,3.07,2.03,0.24
9.082,3.07,2.03,0.24
9.084,3.07,2.03,0.24
9.087,3.07,2.03,0.24
9.104,5.08,8.33,1.22
9.14,5.08,8.33,1.22
9.143,5.08,8.33,1.22
9.177,2.99,4.05,-3.35
9.201,2.99,4.05,-3.35
9.206,2.99,4.05,-3.35
9.234,-0.71,-4.5,2.66
9.27,-0.71,-4.5,2.66
9.275,-0.71,-4.5,2.66
9.277,-0.71,-4.5,2.66
9.284,0.01,-6.76,0.76
9.325,0.01,-6.76,0.76
9.327,0.01,-6.76,0.76
9.369,2.26,-5.76,2.54
9.384,2.26,-5.76,2.54
9.385,2.26,-5.76,2.54
9.405,1.98,-3.66,2.34
9.44,1.98,-3.66,2.34
9.443,1.98,-3.66,2.34
9.445,1.98,-3.66,2.34
9.497,-4.93,3.17,-2.62
9.501,-4.93,3.17,-2.62
9.504,-4.93,3.17,-2.62
9.542,-2.66,8.84,0.69
9.589,-2.66,8.84,0.69
9.592,-2.66,8.84,0.69
9.595,-6.09,0.37,2.89
9.662,-6.09,0.37,2.89
9.667,-6.09,0.37,2.89
9.669,-6.09,0.37,2.89
9.671,-7.65,-1.59,8.08
9.73,-7.65,-1.59,8.08
9.732,-7.65,-1.59,8.08
9.735,2.93,0.86,-1.44
9.741,2.93,0.86,-1.44
9.743,2.93,0.86,-1.44
9.78,-0.18,-0.25,-2
9.824,-0.18,-0.25,-2
9.826,-0.18,-0.25,-2
9.827,-0.18,-0.25,-2
9.828,2.38,1.05,0.98
9.876,2.38,1.05,0.98
9.878,2.38,1.05,0.98
9.947,0.38,0.11,-1.91
9.949,0.38,0.11,-1.91
9.951,0.38,0.11,-1.91
9.953,3.46,1.93,2.8
10.004,3.46,1.93,2.8
10.007,3.46,1.93,2.8
10.01,3.46,1.93,2.8
10.012,2.08,1.55,-1.41
10.059,2.08,1.55,-1.41
10.062,2.08,1.55,-1.41
10.066,7.78,5.49,1.12
10.101,7.78,5.49,1.12
10.105,7.78,5.49,1.12
10.174,6.1,9.13,-2.48
10.177,6.1,9.13,-2.48
10.179,6.1,9.13,-2.48
10.181,6.1,9.13,-2.48
10.184,2.72,-3.53,6.83
10.226,2.72,-3.53,6.83
10.229,2.72,-3.53,6.83
10.277,-2.69,-8.08,0.23
10.281,-2.69,-8.08,0.23
10.282,-2.69,-8.08,0.23
10.315,2.41,-7.9,2.19
10.396,2.41,-7.9,2.19
10.399,2.41,-7.9,2.19
10.402,2.41,-7.9,2.19
10.404,0.18,-5.58,1.28
10.406,0.18,-5.58,1.28
10.408,0.18,-5.58,1.28
10.441,-6.55,4.76,-3.06
10.486,-6.55,4.76,-3.06
10.495,-6.55,4.76,-3.06
10.497,-3.05,5.35,1.01
10.523,-3.05,5.35,1.01
10.526,-3.05,5.35,1.01
10.528,-3.05,5.35,1.01
10.564,14.88,4.05,20.48
10.606,14.88,4.05,20.48
10.608,14.88,4.05,20.48
10.61,-20.65,-0.52,-19.54
10.656,-20.65,-0.52,-19.54
10.663,-20.65,-0.52,-19.54
10.666,14.19,1.56,7.54
10.702,14.19,1.56,7.54
10.704,14.19,1.56,7.54
10.706,14.19,1.56,7.54
10.725,-14.08,-3.09,-5.88
10.762,-14.08,-3.09,-5.88
10.775,-14.08,-3.09,-5.88
10.803,2.09,0.29,1.08
10.822,2.09,0.29,1.08
10.824,2.09,0.29,1.08
10.85,1.34,0.58,-0.62
10.912,1.34,0.58,-0.62
10.915,1.34,0.58,-0.62
10.917,1.34,0.58,-0.62
10.918,0.06,-0.18,0.02
10.942,0.06,-0.18,0.02
10.945,0.06,-0.18,0.02
10.975,0.97,2.85,-1
11.035,0.97,2.85,-1
11.037,0.97,2.85,-1
11.039,2.35,4.07,0.38
11.094,2.35,4.07,0.38
11.096,2.35,4.07,0.38
11.098,2.35,4.07,0.38
11.1,4.98,10.57,-2.6
11.126,4.98,10.57,-2.6
11.129,4.98,10.57,-2.6
11.144,1.72,-2.44,4.63
11.189,1.72,-2.44,4.63
11.191,1.72,-2.44,4.63
11.263,1.53,-6.22,1.3
11.266,1.53,-6.22,1.3
11.268,1.53,-6.22,1.3
11.269,1.53,-6.22,1.3
11.271,0.41,-4.14,0.75
11.315,0.41,-4.14,0.75
11.317,0.41,-4.14,0.75
11.325,-1.68,-2.2,0.55
11.389,-1.68,-2.2,0.55
11.391,-1.68,-2.2,0.55
11.393,-2.81,4.83,0.04
11.444,-2.81,4.83,0.04
11.447,-2.81,4.83,0.04
11.449,-2.81,4.83,0.04
11.451,-4.12,5.22,2.66
11.515,-4.12,5.22,2.66
11.518,-4.12,5.22,2.66
11.521,-4.86,1.03,2.75
11.555,-4.86,1.03,2.75
11.559,-4.86,1.03,2.75
11.669,1.32,-6.44,9.81
11.671,1.32,-6.44,9.81
11.673,1.32,-6.44,9.81
11.674,1.32,-6.44,9.81
11.676,2.38,-1.34,1.5
11.677,2.38,-1.34,1.5
11.679,2.38,-1.34,1.5
11.701,-2.84,-0.59,-3.5
11.768,-2.84,-0.59,-3.5
11.771,-2.84,-0.59,-3.5
11.772,4,1.4,0.98
11.826,4,1.4,0.98
11.828,4,1.4,0.98
11.829,4,1.4,0.98
11.831,1.17,0.59,-0.66
11.856,1.17,0.59,-0.66
11.859,1.17,0.59,-0.66
11.865,0.92,0.31,-0.27
11.94,0.92,0.31,-0.27
11.942,0.92,0.31,-0.27
11.944,1.43,0.74,-0.97
11.973,1.43,0.74,-0.97
11.976,1.43,0.74,-0.97
11.979,1.43,0.74,-0.97
12.02,1.62,2.32,-0.85
12.023,1.62,2.32,-0.85
12.025,1.62,2.32,-0.85
12.083,5.6,10.59,-1.93
12.086,5.6,10.59,-1.93
12.087,5.6,10.59,-1.93
12.106,1.7,4.26,-2.16
12.143,1.7,4.26,-2.16
12.146,1.7,4.26,-2.16
12.147,1.7,4.26,-2.16
12.204,0.74,-5.55,0.51
12.207,0.74,-5.55,0.51
12.209,0.74,-5.55,0.51
12.226,6.65,-4.01,1.46
12.263,6.65,-4.01,1.46
12.265,6.65,-4.01,1.46
12.327,-0.94,-3.54,-0.43
12.329,-0.94,-3.54,-0.43
12.331,-0.94,-3.54,-0.43
12.333,-0.94,-3.54,-0.43
12.346,-0.28,-1.4,0.75
12.387,-0.28,-1.4,0.75
12.389,-0.28,-1.4,0.75
12.445,-5.97,2.76,-1.76
12.448,-5.97,2.76,-1.76
12.453,-5.97,2.76,-1.76
12.514,-4.91,3.94,4.2
12.517,-4.91,3.94,4.2
12.519,-4.91,3.94,4.2
12.521,-4.91,3.94,4.2
12.527,15.88,28.6,-1.37
12.565,15.88,28.6,-1.37
12.568,15.88,28.6,-1.37
12.657,-14.65,2.89,-9.68
12.674,-14.65,2.89,-9.68
12.676,-14.65,2.89,-9.68
12.678,9.37,2.03,1.18
12.684,9.37,2.03,1.18
12.686,9.37,2.03,1.18
12.688,9.37,2.03,1.18
12.709,0.65,0.6,-3.07
12.813,0.65,0.6,-3.07
12.816,0.65,0.6,-3.07
12.819,1.95,0.2,-0.94
12.821,1.95,0.2,-0.94
12.824,1.95,0.2,-0.94
12.848,2.21,-0.01,-0.35
12.927,2.21,-0.01,-0.35
12.929,2.21,-0.01,-0.35
12.931,2.21,-0.01,-0.35
12.932,-0.8,1.61,0.32
12.935,-0.8,1.61,0.32
12.937,-0.8,1.61,0.32
12.999,-1.21,1.68,-1.7
13.001,-1.21,1.68,-1.7
13.004,-1.21,1.68,-1.7
13.006,2.11,1.76,0.65
13.046,2.11,1.76,0.65
13.049,2.11,1.76,0.65
13.052,2.11,1.76,0.65
13.139,3.58,8.92,-0.66
13.142,3.58,8.92,-0.66
13.145,3.58,8.92,-0.66
13.147,3.77,3.39,-0.72
13.208,3.77,3.39,-0.72
13.21,3.77,3.39,-0.72
13.211,-2.68,-5.24,1.54
13.234,-2.68,-5.24,1.54
13.237,-2.68,-5.24,1.54
13.238,-2.68,-5.24,1.54
13.247,2.59,-4.14,-2.22
13.296,2.59,-4.14,-2.22
13.299,2.59,-4.14,-2.22
13.368,-2.45,-5.24,-0.64
13.372,-2.45,-5.24,-0.64
13.376,-2.45,-5.24,-0.64
13.379,-1.97,-1.25,1.93
13.406,-1.97,-1.25,1.93
13.409,-1.97,-1.25,1.93
13.41,-1.97,-1.25,1.93
13.498,-6.8,4.89,-2.7
13.502,-6.8,4.89,-2.7
13.504,-6.8,4.89,-2.7
13.507,-9.76,0.95,0.93
13.569,-9.76,0.95,0.93
13.573,-9.76,0.95,0.93
13.575,26.68,20.88,25.68
13.585,26.68,20.88,25.68
13.587,26.68,20.88,25.68
13.59,26.68,20.88,25.68
13.624,-19.21,6.4,-10.53
13.715,-19.21,6.4,-10.53
13.719,-19.21,6.4,-10.53
13.721,10.47,4.57,1.89
13.725,10.47,4.57,1.89
13.727,10.47,4.57,1.89
13.729,2.56,1.15,-1.13
13.836,2.56,1.15,-1.13
13.839,2.56,1.15,-1.13
13.841,2.56,1.15,-1.13
13.843,1.18,-0.19,-0.35
13.845,1.18,-0.19,-0.35
13.847,1.18,-0.19,-0.35
13.849,0.09,0.17,0.84
13.916,0.09,0.17,0.84
13.919,0.09,0.17,0.84
13.921,0.12,3.44,-2.35
13.947,0.12,3.44,-2.35
13.95,0.12,3.44,-2.35
13.951,0.12,3.44,-2.35
14.047,5.08,3.59,3.02
14.054,5.08,3.59,3.02
14.061,5.08,3.59,3.02
14.065,7.51,-0.73,1.14
14.068,7.51,-0.73,1.14
14.072,7.51,-0.73,1.14
14.111,4.72,-1.66,-1.82
14.139,4.72,-1.66,-1.82
14.142,4.72,-1.66,-1.82
14.143,4.72,-1.66,-1.82
14.216,1.58,-0.38,0.19
14.219,1.58,-0.38,0.19
14.22,1.58,-0.38,0.19
14.222,-1.39,-0.41,-1.06
14.247,-1.39,-0.41,-1.06
14.249,-1.39,-0.41,-1.06
14.328,-5.43,-1.86,-1.73
14.33,-5.43,-1.86,-1.73
14.332,-5.43,-1.86,-1.73
14.335,-5.43,-1.86,-1.73
14.337,-6.89,1.53,0.12
14.403,-6.89,1.53,0.12
14.406,-6.89,1.53,0.12
14.409,-0.8,3.34,8.5
14.431,-0.8,3.34,8.5
14.433,-0.8,3.34,8.5
14.501,-3.91,-1.53,-5.37
14.502,-3.91,-1.53,-5.37
14.504,-3.91,-1.53,-5.37
14.506,-3.91,-1.53,-5.37
14.51,-2.66,-12.09,0.99
14.602,-2.66,-12.09,0.99
14.605,-2.66,-12.09,0.99
14.607,1.58,-1.87,3.54
14.61,1.58,-1.87,3.54
14.611,1.58,-1.87,3.54
14.678,-4.02,-1.78,-4.12
14.68,-4.02,-1.78,-4.12
14.682,-4.02,-1.78,-4.12
14.684,-4.02,-1.78,-4.12
14.69,5.35,1.52,1.32
14.726,5.35,1.52,1.32
14.727,5.35,1.52,1.32
14.799,1.61,0.06,-0.76
14.802,1.61,0.06,-0.76
14.808,1.61,0.06,-0.76
14.811,2,0.87,0.42
14.848,2,0.87,0.42
14.85,2,0.87,0.42
14.852,2,0.87,0.42
14.918,1.65,1.52,1.69
14.922,1.65,1.52,1.69
14.923,1.65,1.52,1.69
14.95,-0.52,1.29,-1.2
15.034,-0.52,1.29,-1.2
15.037,-0.52,1.29,-1.2
15.039,3.47,4.32,0.11
15.041,3.47,4.32,0.11
15.042,3.47,4.32,0.11
15.046,3.47,4.32,0.11
15.067,4.71,2.8,0.67
15.128,4.71,2.8,0.67
15.13,4.71,2.8,0.67
15.132,1.3,-0.73,1.3
15.194,1.3,-0.73,1.3
15.196,1.3,-0.73,1.3
15.198,2.64,-3.47,2.99
15.207,2.64,-3.47,2.99
15.208,2.64,-3.47,2.99
15.209,2.64,-3.47,2.99
15.23,-0.03,-4.7,1.24
15.326,-0.03,-4.7,1.24
15.328,-0.03,-4.7,1.24
15.333,-2.7,-2.21,-0.06
15.335,-2.7,-2.21,-0.06
15.337,-2.7,-2.21,-0.06
15.389,-4.74,3.13,-1.6
15.391,-4.74,3.13,-1.6
15.392,-4.74,3.13,-1.6
15.394,-4.74,3.13,-1.6
15.411,-4.74,5.01,0.74
15.454,-4.74,5.01,0.74
15.457,-4.74,5.01,0.74
15.534,-0.04,0.03,8.02
15.536,-0.04,0.03,8.02
15.538,-0.04,0.03,8.02
15.539,4.37,5.06,-0.19
15.584,4.37,5.06,-0.19
15.588,4.37,5.06,-0.19
15.59,4.37,5.06,-0.19
15.593,-4.45,3.01,0.54
15.682,-4.45,3.01,0.54
15.687,-4.45,3.01,0.54
15.69,0.1,0.34,-2.3
15.693,0.1,0.34,-2.3
15.696,0.1,0.34,-2.3
15.724,3.57,1.03,0.93
15.808,3.57,1.03,0.93
15.81,3.57,1.03,0.93
15.811,3.57,1.03,0.93
15.813,2.22,-0.05,-1.16
15.816,2.22,-0.05,-1.16
15.824,2.22,-0.05,-1.16
15.832,3.32,1.55,1.32
15.878,3.32,1.55,1.32
15.879,3.32,1.55,1.32
15.898,0.33,0.43,-0.76
15.985,0.33,0.43,-0.76
15.987,0.33,0.43,-0.76
15.99,0.33,0.43,-0.76
15.993,0.1,0.99,-0.18
15.994,0.1,0.99,-0.18
15.996,0.1,0.99,-0.18
16.06,2.73,4.9,0.02
16.064,2.73,4.9,0.02
16.067,2.73,4.9,0.02
16.093,3.49,3.45,3.01
16.171,3.49,3.45,3.01
16.176,3.49,3.45,3.01
16.179,3.49,3.45,3.01
16.182,0.37,0.66,3.09
16.185,0.37,0.66,3.09
16.187,0.37,0.66,3.09
16.278,-0.94,-3.39,-2.02
16.299,-0.94,-3.39,-2.02
16.306,-0.94,-3.39,-2.02
16.31,1.13,-5.6,0.68
16.315,1.13,-5.6,0.68
16.317,1.13,-5.6,0.68
16.319,1.13,-5.6,0.68
16.321,2.76,-4.74,3.17
16.35,2.76,-4.74,3.17
16.36,2.76,-4.74,3.17
16.461,-4.94,1.47,-2.9
16.473,-4.94,1.47,-2.9
16.476,-4.94,1.47,-2.9
16.478,-1.07,8.1,0.79
16.481,-1.07,8.1,0.79
16.483,-1.07,8.1,0.79
16.487,-1.07,8.1,0.79
16.49,-3.75,2.4,2.86
16.568,-3.75,2.4,2.86
16.575,-3.75,2.4,2.86
16.578,-0.1,-3.59,-1.41
16.612,-0.1,-3.59,-1.41
16.615,-0.1,-3.59,-1.41
16.617,-3.26,-1.29,0.82
16.727,-3.26,-1.29,0.82
16.738,-3.26,-1.29,0.82
16.744,-3.26,-1.29,0.82
16.748,-2.75,-0.76,-3.64
16.754,-2.75,-0.76,-3.64
16.758,-2.75,-0.76,-3.64
16.763,3.36,0.88,0.22
16.828,3.36,0.88,0.22
16.837,3.36,0.88,0.22
16.839,1.59,0.31,-0.71
16.841,1.59,0.31,-0.71
16.842,1.59,0.31,-0.71
16.844,1.59,0.31,-0.71
16.87,1.62,0.59,-0.7
17.007,1.62,0.59,-0.7
17.014,1.62,0.59,-0.7
17.017,3.01,2.26,-1.5
17.02,3.01,2.26,-1.5
17.027,3.01,2.26,-1.5
17.03,5.88,13.99,-2.59
17.033,5.88,13.99,-2.59
17.036,5.88,13.99,-2.59
17.038,5.88,13.99,-2.59
17.041,5.21,0.12,5.65
17.112,5.21,0.12,5.65
17.115,5.21,0.12,5.65
17.118,5.44,-4.78,0.05
17.228,5.44,-4.78,0.05
17.234,5.44,-4.78,0.05
17.242,1.41,-4.11,0.65
17.245,1.41,-4.11,0.65
17.248,1.41,-4.11,0.65
17.251,1.41,-4.11,0.65
17.255,0.2,-1.93,1.61
17.258,0.2,-1.93,1.61
17.261,0.2,-1.93,1.61
17.334,-2.35,1.92,-1.32
17.337,-2.35,1.92,-1.32
17.342,-2.35,1.92,-1.32
17.344,-4.43,2.53,0.91
17.412,-4.43,2.53,0.91
17.415,-4.43,2.53,0.91
17.417,-4.43,2.53,0.91
17.418,-1.65,0.61,4.84
17.496,-1.65,0.61,4.84
17.5,-1.65,0.61,4.84
17.503,10.54,24.6,-8
17.508,10.54,24.6,-8
17.51,10.54,24.6,-8
17.514,-5.18,0.44,-2.73
17.598,-5.18,0.44,-2.73
17.6,-5.18,0.44,-2.73
17.602,-5.18,0.44,-2.73
17.606,4.09,0.68,0.89
17.609,4.09,0.68,0.89
17.611,4.09,0.68,0.89
17.693,0.99,-0.24,-1.15
17.7,0.99,-0.24,-1.15
17.704,0.99,-0.24,-1.15
17.708,2.08,0.21,0.29
17.778,2.08,0.21,0.29
17.78,2.08,0.21,0.29
17.782,2.08,0.21,0.29
17.79,1.57,0.3,-0.28
17.792,1.57,0.3,-0.28
17.795,1.57,0.3,-0.28
17.845,-0.18,-0.06,-0.55
17.848,-0.18,-0.06,-0.55
17.85,-0.18,-0.06,-0.55
17.945,0.81,-0.01,-0.47
17.948,0.81,-0.01,-0.47
17.949,0.81,-0.01,-0.47
17.951,0.81,-0.01,-0.47
17.953,1.2,0.07,-0.01
18.06,1.2,0.07,-0.01
18.065,1.2,0.07,-0.01
18.068,1.2,0.16,-0.6
18.072,1.2,0.16,-0.6
18.077,1.2,0.16,-0.6
18.08,0.62,0.58,-0.74
18.108,0.62,0.58,-0.74
18.112,0.62,0.58,-0.74
18.115,0.62,0.58,-0.74
18.117,2.32,1.32,1.68
18.183,2.32,1.32,1.68
18.186,2.32,1.32,1.68
18.189,0.32,2.94,1.84
18.301,0.32,2.94,1.84
18.305,0.32,2.94,1.84
18.308,1.84,3.42,-0.16
18.312,1.84,3.42,-0.16
18.317,1.84,3.42,-0.16
18.32,1.84,3.42,-0.16
18.324,4.01,3.19,-3.53
18.382,4.01,3.19,-3.53
18.39,4.01,3.19,-3.53
18.396,-1.32,-2.4,2.15
18.398,-1.32,-2.4,2.15
18.401,-1.32,-2.4,2.15
18.47,1.01,-4.67,-0.66
18.475,1.01,-4.67,-0.66
18.481,1.01,-4.67,-0.66
18.484,1.01,-4.67,-0.66
18.486,0.3,-3.8,0.76
18.553,0.3,-3.8,0.76
18.559,0.3,-3.8,0.76
18.565,0.58,-2.22,1.82
18.652,0.58,-2.22,1.82
18.654,0.58,-2.22,1.82
18.656,-0.14,1,2.58
18.658,-0.14,1,2.58
18.66,-0.14,1,2.58
18.662,-0.14,1,2.58
18.665,-3.07,2.32,0.32
18.694,-3.07,2.32,0.32
18.699,-3.07,2.32,0.32
18.787,-4.63,1.26,-1.35
18.789,-4.63,1.26,-1.35
18.791,-4.63,1.26,-1.35
18.793,-3.74,-0.24,-0.24
18.859,-3.74,-0.24,-0.24
18.864,-3.74,-0.24,-0.24
18.866,-3.74,-0.24,-0.24
18.867,-2.88,-1.15,-0.09
18.87,-2.88,-1.15,-0.09
18.872,-2.88,-1.15,-0.09
18.932,-4.84,-5.74,1.87
18.935,-4.84,-5.74,1.87
18.936,-4.84,-5.74,1.87
19.004,-2.93,-1.06,0.72
19.014,-2.93,-1.06,0.72
19.017,-2.93,-1.06,0.72
19.019,-2.93,-1.06,0.72
19.022,-1.42,-0.98,-2.8
19.051,-1.42,-0.98,-2.8
19.055,-1.42,-0.98,-2.8
19.15,2.64,0.87,1.45
19.157,2.64,0.87,1.45
19.159,2.64,0.87,1.45
19.161,0.19,0.24,-0.68
19.252,0.19,0.24,-0.68
19.255,0.19,0.24,-0.68
19.257,0.19,0.24,-0.68
19.259,1.3,0.38,0.26
19.261,1.3,0.38,0.26
19.264,1.3,0.38,0.26
19.266,1.06,0.15,0.18
19.291,1.06,0.15,0.18
19.293,1.06,0.15,0.18
19.382,0.8,0.13,-0.37
19.386,0.8,0.13,-0.37
19.389,0.8,0.13,-0.37
19.392,0.8,0.13,-0.37
19.395,0.43,0.26,-1.27
19.494,0.43,0.26,-1.27
19.497,0.43,0.26,-1.27
19.507,0.81,3.28,-0.88
19.509,0.81,3.28,-0.88
19.512,0.81,3.28,-0.88
19.514,1.75,2.76,1.39
19.565,1.75,2.76,1.39
19.569,1.75,2.76,1.39
19.571,1.75,2.76,1.39
19.573,-0.65,-0.12,-1.44
19.642,-0.65,-0.12,-1.44
19.647,-0.65,-0.12,-1.44
19.649,-0.16,-4.22,-3.6
19.651,-0.16,-4.22,-3.6
19.653,-0.16,-4.22,-3.6
19.729,5.57,0.32,0.97
19.735,5.57,0.32,0.97
19.738,5.57,0.32,0.97
19.74,5.57,0.32,0.97
19.742,-1.33,-1.52,0.29
19.772,-1.33,-1.52,0.29
19.774,-1.33,-1.52,0.29
19.858,-1.05,-1.11,1.41
19.876,-1.05,-1.11,1.41
19.881,-1.05,-1.11,1.41
19.885,-0.31,0.08,1.55
19.961,-0.31,0.08,1.55
19.964,-0.31,0.08,1.55
19.965,-0.31,0.08,1.55
19.967,-0.98,0.71,0.47
19.969,-0.98,0.71,0.47
19.972,-0.98,0.71,0.47
19.974,-1.25,0.7,-0.53
20.09,-1.25,0.7,-0.53
20.093,-1.25,0.7,-0.53
20.096,-1.59,1.32,-1.05
20.098,-1.59,1.32,-1.05
20.1,-1.59,1.32,-1.05
20.103,-1.59,1.32,-1.05
20.105,-0.75,0.72,-0.5
20.189,-0.75,0.72,-0.5
20.194,-0.75,0.72,-0.5
20.195,-1.13,0.73,-0.57
20.199,-1.13,0.73,-0.57
20.201,-1.13,0.73,-0.57
20.26,-1.17,-0.91,-0.12
20.263,-1.17,-0.91,-0.12
20.265,-1.17,-0.91,-0.12
20.267,-1.17,-0.91,-0.12
20.338,-1.51,-0.81,0.72
20.342,-1.51,-0.81,0.72
20.343,-1.51,-0.81,0.72
20.345,-1.39,-0.31,0.89
20.438,-1.39,-0.31,0.89
20.442,-1.39,-0.31,0.89
20.444,-1.1,0.56,-0.02
20.446,-1.1,0.56,-0.02
20.448,-1.1,0.56,-0.02
20.45,-1.1,0.56,-0.02
20.471,-1.16,-0.54,0.66
20.559,-1.16,-0.54,0.66
20.567,-1.16,-0.54,0.66
20.569,0.56,-1.06,-0.44
20.571,0.56,-1.06,-0.44
20.574,0.56,-1.06,-0.44
20.576,-5.41,-7.6,-2.06
20.638,-5.41,-7.6,-2.06
20.642,-5.41,-7.6,-2.06
20.644,-5.41,-7.6,-2.06
20.646,-2.93,-0.81,-3.25
20.682,-2.93,-0.81,-3.25
20.685,-2.93,-0.81,-3.25
20.701,4.93,1.18,4.74
20.772,4.93,1.18,4.74
20.775,4.93,1.18,4.74
20.777,1.35,0.63,-0.93
20.923,1.35,0.63,-0.93
20.931,1.35,0.63,-0.93
20.936,1.35,0.63,-0.93
20.94,2.71,0.19,-0.83
20.942,2.71,0.19,-0.83
20.944,2.71,0.19,-0.83
20.946,0.93,0.57,1.14
20.948,0.93,0.57,1.14
20.95,0.93,0.57,1.14
20.952,-0.06,0.22,0.07
20.979,-0.06,0.22,0.07
20.982,-0.06,0.22,0.07
20.984,-0.06,0.22,0.07
21.086,1.72,0.33,-0.08
21.101,1.72,0.33,-0.08
21.105,1.72,0.33,-0.08
21.107,1.73,0.6,0.2
21.11,1.73,0.6,0.2
21.112,1.73,0.6,0.2
21.202,1.93,4.82,-1.69
21.222,1.93,4.82,-1.69
21.226,1.93,4.82,-1.69
21.229,1.93,4.82,-1.69
21.231,4.6,8.99,1.22
21.234,4.6,8.99,1.22
21.237,4.6,8.99,1.22
21.239,-0.72,-0.82,0.61
21.275,-0.72,-0.82,0.61
21.278,-0.72,-0.82,0.61
21.36,3.33,-3.49,2.85
21.363,3.33,-3.49,2.85
21.365,3.33,-3.49,2.85
21.367,3.33,-3.49,2.85
21.369,2.28,-4.71,3.15
21.444,2.28,-4.71,3.15
21.446,2.28,-4.71,3.15
21.448,-0.88,-3.22,0.76
21.454,-0.88,-3.22,0.76
21.458,-0.88,-3.22,0.76
21.483,-4.25,-0.49,-0.54
21.57,-4.25,-0.49,-0.54
21.59,-4.25,-0.49,-0.54
21.592,-4.25,-0.49,-0.54
21.595,-3.5,4.27,1.08
21.596,-3.5,4.27,1.08
21.598,-3.5,4.27,1.08
21.6,-4.38,1.43,0.36
21.647,-4.38,1.43,0.36
21.649,-4.38,1.43,0.36
21.681,11.03,6.04,10.44
21.776,11.03,6.04,10.44
21.781,11.03,6.04,10.44
21.783,11.03,6.04,10.44
21.786,-15.36,-1.35,-9.67
21.789,-15.36,-1.35,-9.67
21.791,-15.36,-1.35,-9.67
21.794,10.11,2.86,3.83
21.852,10.11,2.86,3.83
21.864,10.11,2.86,3.83
21.869,-4.31,-1.08,-3.27
21.875,-4.31,-1.08,-3.27
21.879,-4.31,-1.08,-3.27
21.881,-4.31,-1.08,-3.27
21.903,-1.42,-0.06,0.2
22,-1.42,-0.06,0.2
22.006,-1.42,-0.06,0.2
22.015,-0.34,-0.13,-1.45
22.02,-0.34,-0.13,-1.45
22.022,-0.34,-0.13,-1.45
22.024,0.46,0.19,0.36
22.097,0.46,0.19,0.36
22.106,0.46,0.19,0.36
22.114,0.46,0.19,0.36
22.116,0.12,-0.03,-0.11
22.118,0.12,-0.03,-0.11
22.119,0.12,-0.03,-0.11
22.151,-0.51,0.06,-0.34
22.237,-0.51,0.06,-0.34
22.253,-0.51,0.06,-0.34
22.257,2.04,1.16,-1.58
22.261,2.04,1.16,-1.58
22.263,2.04,1.16,-1.58
22.265,2.04,1.16,-1.58
22.267,3.63,2.31,0.27
22.33,3.63,2.31,0.27
22.332,3.63,2.31,0.27
22.334,4.17,7.33,-1.48
22.417,4.17,7.33,-1.48
22.42,4.17,7.33,-1.48
22.422,0.91,1.02,-1.12
22.424,0.91,1.02,-1.12
22.427,0.91,1.02,-1.12
22.429,0.91,1.02,-1.12
22.485,-6.26,-4.64,-3.11
22.49,-6.26,-4.64,-3.11
22.492,-6.26,-4.64,-3.11
22.495,6.22,-3.52,0.77
22.564,6.22,-3.52,0.77
22.566,6.22,-3.52,0.77
22.568,-0.06,-5.36,0.19
22.603,-0.06,-5.36,0.19
22.605,-0.06,-5.36,0.19
22.607,-0.06,-5.36,0.19
22.709,-2.53,-3.71,-0.52
22.716,-2.53,-3.71,-0.52
22.718,-2.53,-3.71,-0.52
22.72,-3.68,-1.67,-0.1
22.723,-3.68,-1.67,-0.1
22.725,-3.68,-1.67,-0.1
22.82,-9.15,-0.06,-3.41
22.823,-9.15,-0.06,-3.41
22.825,-9.15,-0.06,-3.41
22.829,-9.15,-0.06,-3.41
22.831,-1.51,6.99,2.4
22.852,-1.51,6.99,2.4
22.855,-1.51,6.99,2.4
22.857,-2.46,0.68,2.27
22.963,-2.46,0.68,2.27
22.966,-2.46,0.68,2.27
22.968,14.07,15.18,17.88
22.97,14.07,15.18,17.88
22.972,14.07,15.18,17.88
22.974,14.07,15.18,17.88
22.977,-1.85,-0.33,-3.03
23.047,-1.85,-0.33,-3.03
23.055,-1.85,-0.33,-3.03
23.056,1.73,1.49,3.34
23.124,1.73,1.49,3.34
23.13,1.73,1.49,3.34
23.132,-0.61,0.2,0.04
23.134,-0.61,0.2,0.04
23.136,-0.61,0.2,0.04
23.141,-0.61,0.2,0.04
23.203,1.74,0.9,0.57
23.21,1.74,0.9,0.57
23.215,1.74,0.9,0.57
23.217,1.21,0.54,0.71
23.277,1.21,0.54,0.71
23.281,1.21,0.54,0.71
23.284,0.01,0.11,0.84
23.315,0.01,0.11,0.84
23.317,0.01,0.11,0.84
23.318,0.01,0.11,0.84
23.393,0.13,0.33,-0.02
23.4,0.13,0.33,-0.02
23.402,0.13,0.33,-0.02
23.404,3.03,2.37,-1.11
23.472,3.03,2.37,-1.11
23.477,3.03,2.37,-1.11
23.484,4.27,5.96,1.5
23.515,4.27,5.96,1.5
23.519,4.27,5.96,1.5
23.52,4.27,5.96,1.5
23.522,3.91,3.87,0.09
23.596,3.91,3.87,0.09
23.607,3.91,3.87,0.09
23.609,3.85,0.27,3.61
23.713,3.85,0.27,3.61
23.723,3.85,0.27,3.61
23.729,4.3,-3.69,1.95
23.73,4.3,-3.69,1.95
23.733,4.3,-3.69,1.95
23.735,4.3,-3.69,1.95
23.737,1.82,-4.8,1.72
23.738,1.82,-4.8,1.72
23.74,1.82,-4.8,1.72
23.767,-0.87,-2.79,-0.58
23.85,-0.87,-2.79,-0.58
23.852,-0.87,-2.79,-0.58
23.855,-1.14,1.61,1.71
23.857,-1.14,1.61,1.71
23.859,-1.14,1.61,1.71
23.86,-1.14,1.61,1.71
23.927,-4.83,6.15,0.48
23.931,-4.83,6.15,0.48
23.934,-4.83,6.15,0.48
23.943,-3.72,9.05,0.76
23.994,-3.72,9.05,0.76
24.002,-3.72,9.05,0.76
24.003,-11.41,-0.81,3.35
24.064,-11.41,-0.81,3.35
24.067,-11.41,-0.81,3.35
24.068,-11.41,-0.81,3.35
24.07,3.58,-0.01,4.14
24.095,3.58,-0.01,4.14
24.096,3.58,-0.01,4.14
24.183,0.66,0.39,-3.86
24.185,0.66,0.39,-3.86
24.188,0.66,0.39,-3.86
24.19,0.96,0.33,0.32
24.272,0.96,0.33,0.32
24.275,0.96,0.33,0.32
24.28,0.96,0.33,0.32
24.284,0.44,0.14,-0.94
24.285,0.44,0.14,-0.94
24.287,0.44,0.14,-0.94
24.309,0.97,0.14,-0.55
24.394,0.97,0.14,-0.55
24.398,0.97,0.14,-0.55
24.401,1.16,0.23,0
24.403,1.16,0.23,0
24.405,1.16,0.23,0
24.407,1.16,0.23,0
24.472,1.77,0.42,-0.35
24.478,1.77,0.42,-0.35
24.48,1.77,0.42,-0.35
24.481,1.69,1.28,-0.97
24.515,1.69,1.28,-0.97
24.52,1.69,1.28,-0.97
24.601,3.12,8.57,-1.82
24.609,3.12,8.57,-1.82
24.611,3.12,8.57,-1.82
24.613,3.12,8.57,-1.82
24.615,0.66,1.74,-0.45
24.679,0.66,1.74,-0.45
24.688,0.66,1.74,-0.45
24.69,-4.73,-5.13,-0.83
24.726,-4.73,-5.13,-0.83
24.731,-4.73,-5.13,-0.83
24.733,5.97,-4.68,3.49
24.84,5.97,-4.68,3.49
24.843,5.97,-4.68,3.49
24.845,5.97,-4.68,3.49
24.847,0.67,-3.01,0.66
24.848,0.67,-3.01,0.66
24.85,0.67,-3.01,0.66
24.852,-0.3,-1.36,-0.28
24.932,-0.3,-1.36,-0.28
24.938,-0.3,-1.36,-0.28
24.94,-2.11,1.63,1.17
24.942,-2.11,1.63,1.17
24.944,-2.11,1.63,1.17
24.946,-2.11,1.63,1.17
24.973,-3.46,4,-0.17
25.041,-3.46,4,-0.17
25.044,-3.46,4,-0.17
25.046,-3.34,2.39,-0.36
25.057,-3.34,2.39,-0.36
25.059,-3.34,2.39,-0.36
25.114,-2.95,-0.2,2.05
25.116,-2.95,-0.2,2.05
25.117,-2.95,-0.2,2.05
25.125,-2.95,-0.2,2.05
25.181,4.3,6.24,-4.2
25.184,4.3,6.24,-4.2
25.187,4.3,6.24,-4.2
25.221,-6.28,0.31,-4.7
25.235,-6.28,0.31,-4.7
25.237,-6.28,0.31,-4.7
25.302,3.2,0.38,0.16
25.311,3.2,0.38,0.16
25.313,3.2,0.38,0.16
25.318,3.2,0.38,0.16
25.322,-0.2,-0.24,-2.84
25.377,-0.2,-0.24,-2.84
25.38,-0.2,-0.24,-2.84
25.382,3.2,-2.97,-2.33
25.416,3.2,-2.97,-2.33
25.418,3.2,-2.97,-2.33
25.53,0.54,0.57,0.61
25.536,0.54,0.57,0.61
25.537,0.54,0.57,0.61
25.541,0.54,0.57,0.61
25.546,-0.67,0,-1.82
25.547,-0.67,0,-1.82
25.549,-0.67,0,-1.82
25.632,1.96,0.95,1.99
25.64,1.96,0.95,1.99
25.646,1.96,0.95,1.99
25.651,0.38,0.3,-1.23
25.676,0.38,0.3,-1.23
25.682,0.38,0.3,-1.23
25.684,0.38,0.3,-1.23
25.686,2.08,1.42,0.2
25.763,2.08,1.42,0.2
25.782,2.08,1.42,0.2
25.784,2.61,3.22,0.2
25.786,2.61,3.22,0.2
25.788,2.61,3.22,0.2
25.845,2.59,4.95,-1
25.848,2.59,4.95,-1
25.85,2.59,4.95,-1
25.852,2.59,4.95,-1
25.866,0.88,0.95,-1.35
25.965,0.88,0.95,-1.35
25.968,0.88,0.95,-1.35
25.969,0.74,-3.78,1.58
25.971,0.74,-3.78,1.58
25.972,0.74,-3.78,1.58
26.027,4.72,-4.14,2.41
26.031,4.72,-4.14,2.41
26.033,4.72,-4.14,2.41
26.035,4.72,-4.14,2.41
26.043,1.32,-3.67,0.7
26.108,1.32,-3.67,0.7
26.111,1.32,-3.67,0.7
26.112,-0.84,-2.08,-0.24
26.154,-0.84,-2.08,-0.24
26.157,-0.84,-2.08,-0.24
26.159,-0.4,1.48,1.3
26.254,-0.4,1.48,1.3
26.256,-0.4,1.48,1.3
26.258,-0.4,1.48,1.3
26.26,-4.72,4.14,-3.2
26.262,-4.72,4.14,-3.2
26.265,-4.72,4.14,-3.2
26.339,-2.83,1.58,2.6
26.344,-2.83,1.58,2.6
26.346,-2.83,1.58,2.6
26.348,-3.16,-3.63,-1.21
26.459,-3.16,-3.63,-1.21
26.469,-3.16,-3.63,-1.21
26.471,-3.16,-3.63,-1.21
26.48,-11,-9.49,-2.34
26.484,-11,-9.49,-2.34
26.486,-11,-9.49,-2.34
26.488,0.56,0.55,-1.78
26.538,0.56,0.55,-1.78
26.541,0.56,0.55,-1.78
26.543,2.5,0.88,-0.4
26.578,2.5,0.88,-0.4
26.584,2.5,0.88,-0.4
26.586,2.5,0.88,-0.4
26.588,2.31,0.85,0.19
26.686,2.31,0.85,0.19
26.694,2.31,0.85,0.19
26.699,0.56,0.26,-0.96
26.704,0.56,0.26,-0.96
26.707,0.56,0.26,-0.96
26.711,0.9,0.4,0.13
26.75,0.9,0.4,0.13
26.753,0.9,0.4,0.13
26.755,0.9,0.4,0.13
26.785,0.12,-0.01,-0.16
26.859,0.12,-0.01,-0.16
26.865,0.12,-0.01,-0.16
26.867,0.84,0.02,-0.39
26.869,0.84,0.02,-0.39
26.871,0.84,0.02,-0.39
26.94,1.85,1.29,-0.6
26.944,1.85,1.29,-0.6
26.951,1.85,1.29,-0.6
26.953,1.85,1.29,-0.6
26.955,0.84,1.93,-0.24
26.988,0.84,1.93,-0.24
26.991,0.84,1.93,-0.24
27.073,2.63,5.01,0.38
27.079,2.63,5.01,0.38
27.081,2.63,5.01,0.38
27.084,2.7,2.62,0.27
27.148,2.7,2.62,0.27
27.15,2.7,2.62,0.27
27.152,2.7,2.62,0.27
27.154,0.39,-2.88,-1.19
27.159,0.39,-2.88,-1.19
27.16,0.39,-2.88,-1.19
27.185,2.04,-3.6,-2.27
27.271,2.04,-3.6,-2.27
27.278,2.04,-3.6,-2.27
27.281,2.17,-5.03,-0.62
27.283,2.17,-5.03,-0.62
27.285,2.17,-5.03,-0.62
27.291,2.17,-5.03,-0.62
27.334,0.9,-3.6,0.39
27.34,0.9,-3.6,0.39
27.342,0.9,-3.6,0.39
27.372,-2.33,0.89,-0.71
27.441,-2.33,0.89,-0.71
27.446,-2.33,0.89,-0.71
27.449,-5.09,5.26,-2.01
27.526,-5.09,5.26,-2.01
27.529,-5.09,5.26,-2.01
27.532,-5.09,5.26,-2.01
27.534,-1.79,3.81,-0.81
27.536,-1.79,3.81,-0.81
27.538,-1.79,3.81,-0.81
27.562,-6.3,0.55,-0.82
27.634,-6.3,0.55,-0.82
27.637,-6.3,0.55,-0.82
27.639,24.57,14.12,13.82
27.641,24.57,14.12,13.82
27.645,24.57,14.12,13.82
27.65,24.57,14.12,13.82
27.711,-14.79,-3.15,-6.17
27.719,-14.79,-3.15,-6.17
27.722,-14.79,-3.15,-6.17
27.723,12.71,1.59,6.08
27.823,12.71,1.59,6.08
27.828,12.71,1.59,6.08
27.831,-5.94,-1.41,-3.93
27.835,-5.94,-1.41,-3.93
27.837,-5.94,-1.41,-3.93
27.839,-5.94,-1.41,-3.93
27.841,2.8,0.8,1.2
27.896,2.8,0.8,1.2
27.9,2.8,0.8,1.2
27.909,1.54,0.67,0.3
27.938,1.54,0.67,0.3
27.941,1.54,0.67,0.3
28.016,-0.06,0.59,0.36
28.02,-0.06,0.59,0.36
28.022,-0.06,0.59,0.36
28.023,-0.06,0.59,0.36
28.025,1.31,0.87,0.18
28.091,1.31,0.87,0.18
28.095,1.31,0.87,0.18
28.096,2.97,1.86,2.37
28.131,2.97,1.86,2.37
28.134,2.97,1.86,2.37
28.239,-0.8,0.64,-1.58
28.241,-0.8,0.64,-1.58
28.243,-0.8,0.64,-1.58
28.251,-0.8,0.64,-1.58
28.253,0.99,1.04,0.54
28.257,0.99,1.04,0.54
28.258,0.99,1.04,0.54
28.28,6.67,2.59,2.6
28.372,6.67,2.59,2.6
28.383,6.67,2.59,2.6
28.391,2.42,1.68,0.9
28.394,2.42,1.68,0.9
28.397,2.42,1.68,0.9
28.4,2.42,1.68,0.9
28.404,-0.39,-2.54,-2.57
28.463,-0.39,-2.54,-2.57
28.466,-0.39,-2.54,-2.57
28.468,1.64,-2.3,-1.37
28.498,1.64,-2.3,-1.37
28.501,1.64,-2.3,-1.37
28.503,4.36,-3.31,2.37
28.596,4.36,-3.31,2.37
28.599,4.36,-3.31,2.37
28.6,4.36,-3.31,2.37
28.611,-6.64,-2.74,-2.66
28.612,-6.64,-2.74,-2.66
28.614,-6.64,-2.74,-2.66
28.68,-3.55,-0.4,0.01
28.686,-3.55,-0.4,0.01
28.693,-3.55,-0.4,0.01
28.695,-3.75,2.52,0.16
28.721,-3.75,2.52,0.16
28.724,-3.75,2.52,0.16
28.726,-3.75,2.52,0.16
28.827,-4.14,3,0.73
28.829,-4.14,3,0.73
28.831,-4.14,3,0.73
28.833,-2.77,-0.84,4.39
28.84,-2.77,-0.84,4.39
28.843,-2.77,-0.84,4.39
28.908,8.55,4.38,10.15
28.913,8.55,4.38,10.15
28.915,8.55,4.38,10.15
28.917,8.55,4.38,10.15
28.977,-5.11,-5.72,-3.41
28.98,-5.11,-5.72,-3.41
28.982,-5.11,-5.72,-3.41
28.988,2.33,0.12,1.52
29.057,2.33,0.12,1.52
29.06,2.33,0.12,1.52
29.062,2.83,0.51,-0.43
29.105,2.83,0.51,-0.43
29.107,2.83,0.51,-0.43
29.109,2.83,0.51,-0.43
29.11,1.48,0.55,-0.1
29.177,1.48,0.55,-0.1
29.183,1.48,0.55,-0.1
29.185,1.32,0.61,0.04
29.247,1.32,0.61,0.04
29.25,1.32,0.61,0.04
29.252,1.02,0.41,0.26
29.283,1.02,0.41,0.26
29.285,1.02,0.41,0.26
29.287,1.02,0.41,0.26
29.29,1.52,0.91,0.34
29.363,1.52,0.91,0.34
29.377,1.52,0.91,0.34
29.381,0.91,1.35,-0.97
29.384,0.91,1.35,-0.97
29.386,0.91,1.35,-0.97
29.464,2.26,2.87,-0.05
29.467,2.26,2.87,-0.05
29.469,2.26,2.87,-0.05
29.47,2.26,2.87,-0.05
29.472,2.91,2.88,0.61
29.513,2.91,2.88,0.61
29.515,2.91,2.88,0.61
29.611,4.98,2.68,-1.49
29.613,4.98,2.68,-1.49
29.616,4.98,2.68,-1.49
29.618,-4.46,-2.39,0.78
29.62,-4.46,-2.39,0.78
29.622,-4.46,-2.39,0.78
29.624,-4.46,-2.39,0.78
29.684,3.96,-4.57,2.2
29.687,3.96,-4.57,2.2
29.689,3.96,-4.57,2.2
29.714,-0.29,-4.06,0.87
29.797,-0.29,-4.06,0.87
29.801,-0.29,-4.06,0.87
29.803,0.47,-1.37,1.41
29.805,0.47,-1.37,1.41
29.811,0.47,-1.37,1.41
29.813,0.47,-1.37,1.41
29.829,-0.66,2.72,2.47
29.875,-0.66,2.72,2.47
29.878,-0.66,2.72,2.47
29.883,-2.76,4.84,-0.93
29.924,-2.76,4.84,-0.93
29.927,-2.76,4.84,-0.93
30.006,-4.09,1.97,-1.5
30.009,-4.09,1.97,-1.5
30.015,-4.09,1.97,-1.5
30.02,-4.09,1.97,-1.5
30.025,-3.21,-1.01,0.5
30.071,-3.21,-1.01,0.5
30.074,-3.21,-1.01,0.5
30.078,17.4,13.19,-5.91
30.104,17.4,13.19,-5.91
30.107,17.4,13.19,-5.91
30.195,-1.07,-2.61,-4.31
30.199,-1.07,-2.61,-4.31
30.203,-1.07,-2.61,-4.31
30.206,-1.07,-2.61,-4.31
30.211,-3.71,-0.91,-2.39
30.299,-3.71,-0.91,-2.39
30.305,-3.71,-0.91,-2.39
30.307,4.81,0.59,0.83
30.31,4.81,0.59,0.83
30.316,4.81,0.59,0.83
30.318,1.45,0.6,0.06
30.346,1.45,0.6,0.06
30.353,1.45,0.6,0.06
30.355,1.45,0.6,0.06
30.416,0.24,-0.03,-1.18
30.418,0.24,-0.03,-1.18
30.42,0.24,-0.03,-1.18
30.425,1.98,0.56,-0.14
30.492,1.98,0.56,-0.14
30.499,1.98,0.56,-0.14
30.514,1.41,0.65,-0.29
30.601,1.41,0.65,-0.29
30.604,1.41,0.65,-0.29
30.605,1.41,0.65,-0.29
30.607,0.78,0.49,-0.28
30.609,0.78,0.49,-0.28
30.611,0.78,0.49,-0.28
30.619,0.6,0.96,-0.87
30.645,0.6,0.96,-0.87
30.647,0.6,0.96,-0.87
30.724,1.86,1.37,-0.54
30.727,1.86,1.37,-0.54
30.731,1.86,1.37,-0.54
30.732,1.86,1.37,-0.54
30.734,2.57,2.76,1.49
30.799,2.57,2.76,1.49
30.803,2.57,2.76,1.49
30.805,1.85,3.86,0.55
30.885,1.85,3.86,0.55
30.891,1.85,3.86,0.55
30.893,2.02,0.82,-2.25
30.897,2.02,0.82,-2.25
30.901,2.02,0.82,-2.25
30.902,2.02,0.82,-2.25
30.929,-2.06,-3.61,-2.41
30.946,-2.06,-3.61,-2.41
30.95,-2.06,-3.61,-2.41
31.012,4.86,-4.48,2.76
31.018,4.86,-4.48,2.76
31.02,4.86,-4.48,2.76
31.024,-0.03,-3.84,-0.2
31.081,-0.03,-3.84,-0.2
31.086,-0.03,-3.84,-0.2
31.088,-0.03,-3.84,-0.2
31.091,-3.17,-1.59,-2.05
31.123,-3.17,-1.59,-2.05
31.125,-3.17,-1.59,-2.05
31.189,-1.43,2.87,-0.55
31.195,-1.43,2.87,-0.55
31.198,-1.43,2.87,-0.55
31.246,-3.54,3.12,-1.75
31.25,-3.54,3.12,-1.75
31.252,-3.54,3.12,-1.75
31.253,-3.54,3.12,-1.75
31.281,-0.66,2.63,3.55
31.364,-0.66,2.63,3.55
31.368,-0.66,2.63,3.55
31.371,-3.1,-1.08,3.48
31.375,-3.1,-1.08,3.48
31.377,-3.1,-1.08,3.48
31.404,8.01,20.02,-4.87
31.492,8.01,20.02,-4.87
31.513,8.01,20.02,-4.87
31.518,8.01,20.02,-4.87
31.52,-12.66,-2.19,-8.83
31.522,-12.66,-2.19,-8.83
31.524,-12.66,-2.19,-8.83
31.525,8.38,2.32,1.56
31.566,8.38,2.32,1.56
31.572,8.38,2.32,1.56
31.574,-3.26,-0.47,-2.99
31.607,-3.26,-0.47,-2.99
31.609,-3.26,-0.47,-2.99
31.611,-3.26,-0.47,-2.99
31.708,0.67,0.75,-1.28
31.717,0.67,0.75,-1.28
31.722,0.67,0.75,-1.28
31.726,1.26,-0.02,-1.52
31.728,1.26,-0.02,-1.52
31.73,1.26,-0.02,-1.52
31.826,1.35,-0.13,0.33
31.834,1.35,-0.13,0.33
31.84,1.35,-0.13,0.33
31.844,1.35,-0.13,0.33
31.846,1.38,-0.06,-0.12
31.848,1.38,-0.06,-0.12
31.85,1.38,-0.06,-0.12
31.871,1.24,0.82,-1.39
31.952,1.24,0.82,-1.39
31.96,1.24,0.82,-1.39
31.963,2.4,3.47,-0.75
31.965,2.4,3.47,-0.75
31.967,2.4,3.47,-0.75
31.969,2.4,3.47,-0.75
32.033,-0.11,1,0.92
32.041,-0.11,1,0.92
32.043,-0.11,1,0.92
32.046,-0.63,-2.26,-2.43
32.1,-0.63,-2.26,-2.43
32.107,-0.63,-2.26,-2.43
32.109,1.65,-2.96,-1.09
32.147,1.65,-2.96,-1.09
32.161,1.65,-2.96,-1.09
32.163,1.65,-2.96,-1.09
32.174,3.57,-0.81,1.24
32.221,3.57,-0.81,1.24
32.224,3.57,-0.81,1.24
32.226,0.64,0.97,1.37
32.33,0.64,0.97,1.37
32.342,0.64,0.97,1.37
32.348,-2.73,0.26,0.41
32.352,-2.73,0.26,0.41
32.356,-2.73,0.26,0.41
32.359,-2.73,0.26,0.41
32.362,-6.34,-3.03,0.2
32.394,-6.34,-3.03,0.2
32.397,-6.34,-3.03,0.2
32.469,1,-0.88,-0.22
32.475,1,-0.88,-0.22
32.477,1,-0.88,-0.22
32.479,1.74,-0.06,-1.17
32.55,1.74,-0.06,-1.17
32.553,1.74,-0.06,-1.17
32.555,1.74,-0.06,-1.17
32.557,1.08,0.53,0.12
32.609,1.08,0.53,0.12
32.614,1.08,0.53,0.12
32.617,-1,-0.34,-0.16
32.667,-1,-0.34,-0.16
32.671,-1,-0.34,-0.16
32.673,0.1,-0.03,0.19
32.696,0.1,-0.03,0.19
32.698,0.1,-0.03,0.19
32.7,0.1,-0.03,0.19
32.759,0.48,0.24,-0.95
32.766,0.48,0.24,-0.95
32.771,0.48,0.24,-0.95
32.775,1.63,0.44,-0.15
32.851,1.63,0.44,-0.15
32.855,1.63,0.44,-0.15
32.857,-0.89,0.13,0.04
32.863,-0.89,0.13,0.04
32.866,-0.89,0.13,0.04
32.868,-0.89,0.13,0.04
32.893,1.05,1.07,-0.68
32.971,1.05,1.07,-0.68
32.975,1.05,1.07,-0.68
32.977,0.97,1.17,0.27
32.984,0.97,1.17,0.27
32.986,0.97,1.17,0.27
33.008,-0.54,-0.08,0.04
33.086,-0.54,-0.08,0.04
33.093,-0.54,-0.08,0.04
33.107,-0.54,-0.08,0.04
33.113,1.55,-2.95,0.47
33.119,1.55,-2.95,0.47
33.122,1.55,-2.95,0.47
33.168,-1.22,-1.07,-2.35
33.173,-1.22,-1.07,-2.35
33.175,-1.22,-1.07,-2.35
33.196,2.36,-0.11,1.43
33.257,2.36,-0.11,1.43
33.259,2.36,-0.11,1.43
33.261,2.36,-0.11,1.43
33.263,-0.45,0.17,-1.28
33.296,-0.45,0.17,-1.28
33.299,-0.45,0.17,-1.28
33.364,0.65,0.35,0.62
33.372,0.65,0.35,0.62
33.378,0.65,0.35,0.62
33.383,-0.88,-0.99,-1.95
33.413,-0.88,-0.99,-1.95
33.417,-0.88,-0.99,-1.95
33.419,-0.88,-0.99,-1.95
33.513,-0.61,0.76,-0.1
33.515,-0.61,0.76,-0.1
33.517,-0.61,0.76,-0.1
33.518,-1.9,-1.07,-0.35
33.524,-1.9,-1.07,-0.35
33.526,-1.9,-1.07,-0.35
33.546,-0.32,-0.56,-0.61
33.611,-0.32,-0.56,-0.61
33.614,-0.32,-0.56,-0.61
33.617,-0.32,-0.56,-0.61
33.619,-0.03,-0.16,0.16
33.674,-0.03,-0.16,0.16
33.679,-0.03,-0.16,0.16
33.681,0.52,0.15,0.65
33.708,0.52,0.15,0.65
33.71,0.52,0.15,0.65
33.777,-0.02,-0.03,0.17
33.787,-0.02,-0.03,0.17
33.789,-0.02,-0.03,0.17
33.791,-0.02,-0.03,0.17
33.792,1.6,0.04,0.72
33.825,1.6,0.04,0.72
33.827,1.6,0.04,0.72
33.848,-0.8,-0.18,-0.71
33.895,-0.8,-0.18,-0.71
33.897,-0.8,-0.18,-0.71
